<application>
  <component name="FileTypeManager" version="18">
    <ignoreFiles list="*.data;*.iml;*.pyc;*.pyo;*.rbc;*.yarb;*~;.DS_Store;.git;.hg;.idea;.svn;CATALINA_APPLOG_IS_UNDEFINED;CVS;__pycache__;_abtestcache;_svn;discoverclient;target;vssver.scc;vssver2.scc;" />
    <extensionMap>
      <mapping pattern="ScoreStorage" type="CLASS" />
      <mapping ext="gradle.kts" type="Kotlin" />
      <mapping ext="main.kts" type="Kotlin" />
      <removed_mapping ext="apk" approved="true" type="ARCHIVE" />
      <removed_mapping ext="ignore" approved="true" type="IgnoreLang file" />
      <removed_mapping ext="psd" approved="true" type="Image" />
    </extensionMap>
  </component>
</application>