<keymap version="1" name="Windows copy" parent="$default">
  <action id="ActivateCommitToolWindow" />
  <action id="ActivateFavoritesToolWindow" />
  <action id="ActivateProblemsViewToolWindow" />
  <action id="ActivateServicesToolWindow" />
  <action id="ActivateStructureToolWindow" />
  <action id="ActivateTerminalToolWindow" />
  <action id="ActivateVersionControlToolWindow" />
  <action id="Back">
    <keyboard-shortcut first-keystroke="ctrl open_bracket" />
  </action>
  <action id="EditorCodeBlockEnd" />
  <action id="EditorCodeBlockStart" />
  <action id="Forward">
    <keyboard-shortcut first-keystroke="ctrl close_bracket" />
  </action>
</keymap>